Done,Day,Type,Task Title,Est_Time
TRUE,1,Lecture,Network Devices,0.6
TRUE,1,PT Lab,Packet Tracer Introduction,0.7
TRUE,2,Lecture,Interfaces and Cables,0.7
TRUE,2,PT Lab,Connecting Devices,0.3
TRUE,3,Lecture,How the TCP/IP Model Actually Works,0.9
TRUE,3,PT Lab,OSI Model,0.4
TRUE,4,Lecture,Intro to the CLI,0.6
TRUE,4,PT Lab,Basic Device Security,0.4
TRUE,4,Boson Lab,Demo Labs -> Using NetSim Online,0.4
TRUE,4,Boson Lab,Network Fundamentals -> Explore Cisco Devices,1
TRUE,4,Boson Lab,Network Fundamentals -> Router Basics,0.3
TRUE,4,Boson Lab,Network Fundamentals -> Configure a Cisco Device,1.5
FALSE,4,Boson Lab,Security Fundamentals -> Configure the Enable Password,0.5
FALSE,4,Boson Lab,Security Fundamentals -> Configure the Enable Secret Password,0.5
FALSE,4,Boson Lab,Security Fundamentals -> Configure Local User Accounts,0.7
FALSE,4,Boson Lab,Security Fundamentals -> Secure the Console and VTY Ports,0.6
FALSE,4,Boson Lab,Security Fundamentals -> Encrypt Passwords on a Cisco Device,0.5
FALSE,4,Boson Lab,Security Fundamentals -> Explore Password Complexity,0.2
FALSE,4,Boson Lab,Security Fundamentals -> Implement Passwords,0.9
FALSE,4,Boson Lab,Security Fundamentals -> Implement Local User Accounts,1.2
TRUE,5,Lecture,Ethernet LAN Switching (Part 1),0.8
TRUE,6,Lecture,Ethernet LAN Switching (Part 2),0.7
TRUE,6,PT Lab,Analyzing Ethernet Switching,0.4
TRUE,7,Lecture,IPv4 Addressing (Part 1),0.8
TRUE,7,Boson Lab,Network Fundamentals -> Configure RFC 1918 IP Addressing,0.6
TRUE,8,Lecture,IPv4 Addressing (Part 2),0.6
TRUE,8,PT Lab,Configuring IP Addresses,0.4
TRUE,8,Boson Lab,Network Fundamentals -> Configure Global IPv4 Addressing,0.9
FALSE,8,Boson Lab,Network Fundamentals -> Implement IPv4 Addressing,0.7
TRUE,9,Lecture,Switch Interfaces,0.7
TRUE,9,PT Lab,Configuring Interfaces,0.4
TRUE,9,Boson Lab,Network Fundamentals -> Switch Basics,0.2
TRUE,9,Boson Lab,Network Fundamentals -> Interpret Interface Errors,1.1
FALSE,9,Boson Lab,Network Fundamentals -> Explore the MAC Address Table,0.2
TRUE,10,Lecture,IPv4 Header,0.6
TRUE,11,Lecture,Routing Fundamentals,0.6
TRUE,11,Lecture,Static Routing,0.8
TRUE,11,PT Lab,Configuring Static Routes,0.6
TRUE,11,PT Lab,Troubleshooting Static Routes,0.4
TRUE,11,Boson Lab,IP Connectivity -> Explore the Routing Table,0.4
TRUE,11,Boson Lab,IP Connectivity -> Route Selection by Using Administrative Distance,0.4
TRUE,11,Boson Lab,IP Connectivity -> Route Selection by Using Routing Protocol Metric,0.3
FALSE,11,Boson Lab,IP Connectivity -> Manually Configure Default Routes on IPv4 Networks,0.8
FALSE,11,Boson Lab,IP Connectivity -> Manually Configure Network Routes on IPv4 Networks,0.7
FALSE,11,Boson Lab,IP Connectivity -> Manually Configure Host Routes on IPv4 Networks,0.7
FALSE,11,Boson Lab,IP Connectivity -> Implement Route Selection,0.6
FALSE,11,Boson Lab,IP Connectivity -> Implement Static and Default Routes,1.2
TRUE,12,Lecture,The Life of a Packet,0.4
TRUE,12,PT Lab,Life of a Packet,0.7
TRUE,13,Lecture,Subnetting (Part 1),0.6
TRUE,13,Boson Lab,Network Fundamentals -> Subnet an IPv4 Network,1.1
TRUE,14,Lecture,Subnetting (Part 2),0.5
TRUE,15,Lecture,Subnetting (Part 3 - VLSM),0.5
TRUE,15,PT Lab,Subnetting (VLSM),0.7
TRUE,15,Boson Lab,Network Fundamentals -> Configure VLSM on an IPv4 Network,1
TRUE,16,Lecture,VLANs (Part 1),0.5
TRUE,16,PT Lab,VLANs (Part 1),0.4
FALSE,16,Boson Lab,Network Access -> Explore and Configure Switch Access Ports,1.2
TRUE,17,Lecture,VLANs (Part 2),0.8
TRUE,17,PT Lab,VLANs (Part 2),1.1
FALSE,17,Boson Lab,Network Access -> Explore and Configure Switch Trunk Ports,0.8
TRUE,18,Lecture,VLANs (Part 3),0.7
TRUE,18,PT Lab,VLANs (Part 3),1.1
FALSE,18,Boson Lab,Network Access -> Configure InterVLAN Routing,0.6
FALSE,18,Boson Lab,Network Access -> Explore the Native VLAN,0.4
FALSE,18,Boson Lab,Network Access -> Implement InterVLAN Routing,0.5
TRUE,19,Lecture,DTP/VTP,0.8
TRUE,19,PT Lab,DTP/VTP,0.7
FALSE,19,Boson Lab,Network Access -> Configure and Verify VTP,0.7
TRUE,20,Lecture,Spanning Tree Protocol (Part 1),0.8
TRUE,20,PT Lab,Analyzing STP,0.7
TRUE,20,Boson Lab,Network Access -> Explore Spanning Tree Protocol Port Roles,0.5
TRUE,21,Lecture,Spanning Tree Protocol (Part 2),0.9
TRUE,21,Lecture,PortFast (STP Toolkit),0.4
TRUE,21,Lecture,BPDU Guard & BPDU Filter (STP Toolkit),0.5
TRUE,21,Lecture,Root Guard (STP Toolkit),0.4
TRUE,21,Lecture,Loop Guard (STP Toolkit),0.4
TRUE,21,PT Lab,Configuring STP (PVST+),0.7
TRUE,21,Boson Lab,Network Access -> Explore Spanning Tree Protocol Port States and PortFast,0.4
TRUE,21,Boson Lab,Network Access -> Implement PVST+,0.5
TRUE,22,Lecture,Rapid Spanning Tree Protocol,0.9
TRUE,22,PT Lab,Rapid STP,0.7
TRUE,23,Lecture,EtherChannel,0.9
TRUE,23,PT Lab,Configuring EtherChannel,1.1
TRUE,23,Boson Lab,Network Access -> Configure Layer 2 EtherChannel LACP,0.5
TRUE,23,Boson Lab,Network Access -> Configure Layer 3 EtherChannel LACP and Load Balancing,0.5
FALSE,23,Boson Lab,Network Access -> Boson CCNA Challenge Lab 2,1.1
TRUE,24,Lecture,Dynamic Routing,0.9
TRUE,24,PT Lab,Floating Static Routes,1.1
TRUE,25,Lecture,RIP & EIGRP,0.9
TRUE,25,PT Lab,Configuring EIGRP,1.1
TRUE,25,Boson Lab,Demo Labs -> Configuration Demo 1,0.9
TRUE,26,Lecture,OSPF Part 1,0.8
TRUE,26,PT Lab,Configuring OSPF (1),1
TRUE,26,Boson Lab,IP Connectivity -> Explore and Configure OSPFv2 Router IDs,0.3
TRUE,26,Boson Lab,IP Connectivity -> Plan and Configure Single-Area OSPF,0.5
TRUE,27,Lecture,OSPF Part 2,0.8
TRUE,27,PT Lab,Configuring OSPF (2),1
TRUE,27,Boson Lab,IP Connectivity -> Configure OSPFv2 Adjacencies,0.2
TRUE,27,Boson Lab,IP Connectivity -> Implement Single-Area OSPFv2,0.9
TRUE,28,Lecture,OSPF Part 3,1
TRUE,28,PT Lab,Configuring OSPF (3),1
TRUE,28,Boson Lab,IP Connectivity -> Configure Point-to-Point OSPFv2,0.7
TRUE,28,Boson Lab,IP Connectivity -> Explore OSPFv2 DR and BDR Router Selection,0.5
TRUE,28,Boson Lab,IP Connectivity -> Troubleshoot an OSPFv2 Configuration,0.6
TRUE,28,Boson Lab,IP Connectivity -> Boson CCNA Challenge Lab 3,1.4
TRUE,29,Lecture,First Hop Redundancy Protocols,0.8
TRUE,29,PT Lab,Configuring HSRP,1
TRUE,29,Boson Lab,IP Connectivity -> Explore HSRP,0.2
TRUE,29,Boson Lab,IP Connectivity -> Explore VRRP,0.2
TRUE,29,Boson Lab,IP Connectivity -> Implement HSRP,0.6
TRUE,29,Boson Lab,IP Connectivity -> Implement VRRP,0.6
TRUE,30,Lecture,TCP & UDP,0.7
TRUE,30,PT Lab,Wireshark Demo (TCP/UDP),0.4
TRUE,31,Lecture,IPv6 Part 1,0.8
TRUE,31,PT Lab,Configuring IPv6 (Part 1),0.7
TRUE,31,Boson Lab,Network Fundamentals -> Configure IPv6 Address Types,0.5
FALSE,31,Boson Lab,Network Fundamentals -> Implement IPv6 Addressing,0.7
TRUE,32,Lecture,IPv6 Part 2,0.8
TRUE,32,PT Lab,Configuring IPv6 (Part 2),1
FALSE,32,Boson Lab,Network Fundamentals -> Configure IPv6 by Using Modified EUI-64,0.6
TRUE,33,Lecture,IPv6 Part 3,0.9
TRUE,33,PT Lab,Configuring IPv6 (Part 3),0.7
FALSE,33,Boson Lab,Network Fundamentals -> Boson CCNA Challenge Lab 1,0.8
FALSE,33,Boson Lab,IP Connectivity -> Manually Configure Default Routes on IPv6 Networks,0.6
FALSE,33,Boson Lab,IP Connectivity -> Manually Configure Network Routes on IPv6 Networks,0.6
FALSE,33,Boson Lab,IP Connectivity -> Manually Configure Host Routes on IPv6 Networks,0.6
FALSE,34,Lecture,Standard ACLs,1
FALSE,34,PT Lab,Standard ACLs,1.1
FALSE,34,Boson Lab,Security Fundamentals -> Explore and Configure Standard Numbered ACLs,0.5
FALSE,34,Boson Lab,Security Fundamentals -> Explore and Configured Numbered IP ACLs,0.2
FALSE,34,Boson Lab,Security Fundamentals -> Configure Standard Named ACLs,0.9
FALSE,34,Boson Lab,Security Fundamentals -> Implement Standard ACLs,0.9
FALSE,34,Boson Lab,Security Fundamentals -> Troubleshooting ACLs 2: Standard ACLs,0.7
FALSE,35,Lecture,Extended ACLs,0.9
FALSE,35,PT Lab,Extended ACLs,1
FALSE,35,Boson Lab,Security Fundamentals -> Explore and Configure Extended Numbered ACLs,0.4
FALSE,35,Boson Lab,Security Fundamentals -> Configure Extended Named ACLs,0.3
FALSE,35,Boson Lab,Security Fundamentals -> Implement Extended ACLs,1.1
FALSE,35,Boson Lab,Security Fundamentals -> Troubleshoot ACLs,0.4
FALSE,35,Boson Lab,Security Fundamentals -> Troubleshooting ACLs 1: Extended ACLs,0.7
FALSE,35,Boson Lab,Security Fundamentals -> Troubleshooting ACLs 3: Named ACLs,0.7
FALSE,36,Lecture,CDP & LLDP,0.8
FALSE,36,PT Lab,CDP & LLDP,1.1
FALSE,36,Boson Lab,Network Access -> Configure and Verify CDP,0.7
FALSE,36,Boson Lab,Network Access -> Configure and Verify LLDP,0.8
FALSE,36,Boson Lab,Network Access -> Implement CDP and LLDP,0.5
FALSE,37,Lecture,NTP,0.9
FALSE,37,PT Lab,NTP,0.7
FALSE,37,Boson Lab,IP Services -> Configure an NTP Server,1.5
FALSE,37,Boson Lab,IP Services -> Configure an NTP Client,0.6
FALSE,37,Boson Lab,IP Services -> Implement NTP,1.5
FALSE,38,Lecture,DNS,0.6
FALSE,38,PT Lab,DNS,0.7
FALSE,38,Boson Lab,IP Services -> Configure and Test a DNS Server,0.6
FALSE,38,Boson Lab,IP Services -> Implement DNS,1.2
FALSE,39,Lecture,DHCP,0.8
FALSE,39,PT Lab,DHCP,0.7
FALSE,39,Boson Lab,IP Services -> Configure DHCP for IPv4 Networks,1
FALSE,39,Boson Lab,IP Services -> Configure DHCP Relay for IPv4 Networks,0.8
FALSE,39,Boson Lab,IP Services -> Implement DHCP,0.6
FALSE,39,Boson Lab,IP Services -> Boson CCNA Challenge Lab 4,1.5
FALSE,40,Lecture,SNMP,0.6
FALSE,40,PT Lab,SNMP,0.6
FALSE,41,Lecture,Syslog,0.6
FALSE,41,PT Lab,Syslog,0.7
FALSE,41,Boson Lab,IP Services -> Explore Syslog Output,0.2
FALSE,41,Boson Lab,IP Services -> Explore and Configure Syslog Levels,0.4
FALSE,42,Lecture,SSH,0.6
FALSE,42,PT Lab,SSH,0.7
FALSE,42,Boson Lab,IP Services -> Configure SSH,0.3
FALSE,42,Boson Lab,IP Services -> Implement SSH,0.6
FALSE,43,Lecture,FTP & TFTP,0.6
FALSE,43,PT Lab,FTP & TFTP,0.7
FALSE,43,Boson Lab,IP Services -> Explore and Configure TFTP,0.2
FALSE,43,Boson Lab,IP Services -> Explore and Configure FTP,0.2
FALSE,44,Lecture,NAT (Part 1),0.7
FALSE,44,PT Lab,Static NAT,0.7
FALSE,44,Boson Lab,IP Services -> Configure Static NAT,0.8
FALSE,44,Boson Lab,IP Services -> Implement NAT,0.9
FALSE,45,Lecture,NAT (part 2),0.6
FALSE,45,PT Lab,Dynamic NAT,0.7
FALSE,45,Boson Lab,IP Services -> Configure Dynamic NAT,0.7
FALSE,45,Boson Lab,IP Services -> Configure PAT,0.6
FALSE,46,Lecture,QoS (Part 1),0.7
FALSE,46,PT Lab,Voice VLANs,1
FALSE,47,Lecture,QoS (Part 2),0.9
FALSE,47,PT Lab,QoS,0.7
FALSE,48,Lecture,Security Fundamentals,0.8
FALSE,48,PT Lab,Kali Linux Demo,0.4
FALSE,48,Boson Lab,Security Fundamentals -> Explore AAA,0.2
FALSE,48,Boson Lab,Security Fundamentals -> Boson CCNA Challenge Lab 5,1.5
FALSE,49,Lecture,Port Security,0.7
FALSE,49,PT Lab,Port Security,0.7
FALSE,49,Boson Lab,Security Fundamentals -> Explore and Configure Port Security,0.4
FALSE,49,Boson Lab,Security Fundamentals -> Implement Port Security,0.9
FALSE,49,Boson Lab,Security Fundamentals -> Troubleshoot Port Security,0.3
FALSE,50,Lecture,DHCP Snooping,0.6
FALSE,50,PT Lab,DHCP Snooping,0.7
FALSE,51,Lecture,Dynamic ARP Inspection,0.7
FALSE,51,PT Lab,Dynamic ARP Inspection,1
FALSE,52,Lecture,LAN Architectures,0.6
FALSE,52,PT Lab,STP & FHRP Synchronization,0.7
FALSE,53,Lecture,WAN Architectures,0.8
FALSE,53,PT Lab,GRE Tunnels,1
FALSE,54,Lecture,Virtualization & Cloud,0.8
FALSE,54,Lecture,Containers,0.3
FALSE,54,Lecture,VRF,0.4
FALSE,54,PT Lab,Oracle VirtualBox,0.4
FALSE,55,Lecture,Wireless Fundamentals,0.7
FALSE,56,Lecture,Wireless Architectures,0.8
FALSE,57,Lecture,Wireless Security,0.7
FALSE,58,Lecture,Wireless Configuration,1
FALSE,58,PT Lab,Wireless LANs,0.7
FALSE,58,Boson Lab,Network Access -> Configure a Wireless LAN by Using the WLC GUI,0.6
FALSE,59,Lecture,Intro to Network Automation,0.7
FALSE,59,Lecture,AI & Machine Learning,0.9
FALSE,60,Lecture,"JSON, XML, & YAML",0.6
FALSE,60,Boson Lab,Automation and Programmability -> Obtain and Interpret JSON Output,0.3
FALSE,61,Lecture,REST APIs,0.7
FALSE,61,Lecture,REST API Authentication,0.6
FALSE,61,Boson Lab,Automation and Programmability -> Explore HTTP Server Verbs,0.2
FALSE,62,Lecture,Software-Defined Networking,0.6
FALSE,62,Boson Lab,Automation and Programmability -> Compare a Traditional Network to a Controller-Based Network,0.3
FALSE,63,Lecture,"Ansible, Puppet, & Chef",0.4
FALSE,63,Lecture,Terraform,0.5
FALSE,63,Boson Lab,"Automation and Programmability -> Submit and Explore Ansible, Chef, and Puppet Queries",0.2
FALSE,64,PT Lab,Complete Network Configuration,3.3
FALSE,ExSim,ExSim / Review,Boson ExSim: Exam A (Baseline Test in Simulation Mode),2
FALSE,ExSim,ExSim / Review,Boson ExSim: Review Exam A Explanations (Questions 1-50),2
FALSE,ExSim,ExSim / Review,Boson ExSim: Review Exam A Explanations (Questions 51-100),2
FALSE,ExSim,ExSim / Review,Boson ExSim: Exam B (Baseline Test in Simulation Mode),2
FALSE,ExSim,ExSim / Review,Boson ExSim: Review Exam B Explanations (Questions 1-50),2
FALSE,ExSim,ExSim / Review,Boson ExSim: Review Exam B Explanations (Questions 51-100),2
FALSE,ExSim,ExSim / Review,Boson ExSim: Exam C (Baseline Test in Simulation Mode),2
FALSE,ExSim,ExSim / Review,Boson ExSim: Review Exam C Explanations (Questions 1-50),2
FALSE,ExSim,ExSim / Review,Boson ExSim: Review Exam C Explanations (Questions 51-100),2
FALSE,ExSim,ExSim / Review,Targeted Review: Weak Areas (Subnetting/Routing),2
FALSE,ExSim,ExSim / Review,Targeted Review: Weak Areas (Security/Automation),2
FALSE,ExSim,ExSim / Review,Boson ExSim: Retake Random Exams in Simulation Mode,2
FALSE,ExSim,ExSim / Review,Final Review & Rest 1,2
FALSE,ExSim,ExSim / Review,Final Review & Rest 2,2
