Video_ID,Day,Type,Title,Full_Title,Duration,Duration_Seconds,Study_Time_Estimate_Seconds,CCNA_Topics,YouTube_URL
H8W9oMNSuwo,1,Lecture,Network Devices,Free CCNA | Network Devices | Day 1 | CCNA 200-301 Complete Course,30:26,1826,2282,Network Devices,https://www.youtube.com/watch?v=H8W9oMNSuwo
6Atw8oMtVTA,1,Extra,Anki Flashcards,Free CCNA | Anki Flashcards | Day 1 Extra | CCNA 200-301 Complete Course,14:56,896,896,,https://www.youtube.com/watch?v=6Atw8oMtVTA
a1Im6GYaSno,1,Lab,Packet Tracer Introduction,Free CCNA | Packet Tracer Introduction | Day 1 Lab | CCNA 200-301 Complete Course,15:18,918,918,,https://www.youtube.com/watch?v=a1Im6GYaSno
ieTH5lVhNaY,2,Lecture,Interfaces and Cables,Free CCNA | Interfaces and Cables | Day 2 | CCNA 200-301 Complete Course,35:52,2152,2690,Cables & Interfaces,https://www.youtube.com/watch?v=ieTH5lVhNaY
K6Qt23sY68Y,2,Lab,Connecting Devices,Free CCNA | Connecting Devices | Day 2 Lab | CCNA 200-301 Complete Course,5:33,333,333,,https://www.youtube.com/watch?v=K6Qt23sY68Y
yM-XNq9ADlI,3,Lecture,How the TCP/IP Model Actually Works,How the TCP/IP Model Actually Works | CCNA Day 3,42:42,2562,3202,"OSI/TCP-IP Model, TCP/UDP",https://www.youtube.com/watch?v=yM-XNq9ADlI
7nmYoL0t2tU,3,Lab,OSI Model,Free CCNA | OSI Model | Day 3 Lab | CCNA 200-301 Complete Course,8:05,485,485,OSI/TCP-IP Model,https://www.youtube.com/watch?v=7nmYoL0t2tU
IYbtai7Nu2g,4,Lecture,Intro to the CLI,Free CCNA | Intro to the CLI | Day 4 | CCNA 200-301 Complete Course,31:06,1866,2332,CLI,https://www.youtube.com/watch?v=IYbtai7Nu2g
SDocmq1c05s,4,Lab,Basic Device Security,Free CCNA | Basic Device Security | Day 4 Lab | CCNA 200-301 Complete Course,10:26,626,626,Security,https://www.youtube.com/watch?v=SDocmq1c05s
u2n762WG0Vo,5,Lecture,Ethernet LAN Switching (Part 1),Free CCNA | Ethernet LAN Switching (Part 1) | Day 5 | CCNA 200-301 Complete Course,38:13,2293,2866,"Cables & Interfaces, Ethernet Switching, Network Devices",https://www.youtube.com/watch?v=u2n762WG0Vo
5q1pqdmdPjo,6,Lecture,Ethernet LAN Switching (Part 2),Free CCNA | Ethernet LAN Switching (Part 2) | Day 6 | CCNA 200-301 Complete Course,33:41,2021,2526,"Cables & Interfaces, Ethernet Switching, Network Devices",https://www.youtube.com/watch?v=5q1pqdmdPjo
Ig0dSaOQDI8,6,Lab,Analyzing Ethernet Switching,Free CCNA | Analyzing Ethernet Switching | Day 6 Lab | CCNA 200-301 Complete Course,10:29,629,629,"Cables & Interfaces, Ethernet Switching, Network Devices",https://www.youtube.com/watch?v=Ig0dSaOQDI8
3ROdsfEUuhs,7,Lecture,IPv4 Addressing (Part 1),Free CCNA | IPv4 Addressing (Part 1) | Day 7 | CCNA 200-301 Complete Course,40:21,2421,3026,IPv4,https://www.youtube.com/watch?v=3ROdsfEUuhs
FiAatRd84XI,8,Lecture,IPv4 Addressing (Part 2),Free CCNA | IPv4 Addressing (Part 2) | Day 8 | CCNA 200-301 Complete Course,30:42,1842,2302,IPv4,https://www.youtube.com/watch?v=FiAatRd84XI
e1jbvyMeS5I,8,Lab,Configuring IP Addresses,Free CCNA | Configuring IP Addresses | Day 8 Lab | CCNA 200-301 Complete Course,10:06,606,606,IPv4,https://www.youtube.com/watch?v=e1jbvyMeS5I
cCqluocfQe0,9,Lecture,Switch Interfaces,Free CCNA | Switch Interfaces | Day 9 | CCNA 200-301 Complete Course,32:28,1948,2435,"Cables & Interfaces, Network Devices",https://www.youtube.com/watch?v=cCqluocfQe0
rzDb5DoBKRk,9,Lab,Configuring Interfaces,Free CCNA | Configuring Interfaces | Day 9 Lab | CCNA 200-301 Complete Course,11:54,714,714,Cables & Interfaces,https://www.youtube.com/watch?v=rzDb5DoBKRk
aQB22y4liXA,10,Lecture,IPv4 Header,Free CCNA | IPv4 Header | Day 10 | CCNA 200-301 Complete Course,30:11,1811,2263,IPv4,https://www.youtube.com/watch?v=aQB22y4liXA
aHwAm8GYbn8,11,Lecture,Routing Fundamentals,Free CCNA | Routing Fundamentals | Day 11 (part 1) | CCNA 200-301 Complete Course,31:00,1860,2325,Routing,https://www.youtube.com/watch?v=aHwAm8GYbn8
YCv4-_sMvYE,11,Lecture,Static Routing,Free CCNA | Static Routing | Day 11 (part 2) | CCNA 200-301 Complete Course,37:44,2264,2830,Routing,https://www.youtube.com/watch?v=YCv4-_sMvYE
XHxOtIav2k8,11,Lab,Configuring Static Routes,Free CCNA | Configuring Static Routes | Day 11 Lab 1 | CCNA 200-301 Complete Course,12:29,749,749,Routing,https://www.youtube.com/watch?v=XHxOtIav2k8
3z8YGEVFTiA,11,Lab,Troubleshooting Static Routes,Free CCNA | Troubleshooting Static Routes | Day 11 Lab 2 | CCNA 200-301 Complete Course,9:45,585,585,Routing,https://www.youtube.com/watch?v=3z8YGEVFTiA
4YrYV2io3as,12,Lecture,The Life of a Packet,Free CCNA | The Life of a Packet | Day 12 | CCNA 200-301 Complete Course,20:13,1213,1516,,https://www.youtube.com/watch?v=4YrYV2io3as
bfsEqDeHbpI,12,Lab,Life of a Packet,Free CCNA | Life of a Packet | Day 12 Lab | CCNA 200-301 Complete Course,15:36,936,936,,https://www.youtube.com/watch?v=bfsEqDeHbpI
bQ8sdpGQu8c,13,Lecture,Subnetting (Part 1),Free CCNA | Subnetting (Part 1) | Day 13 | CCNA 200-301 Complete Course,28:54,1734,2167,"IPv4, Subnetting",https://www.youtube.com/watch?v=bQ8sdpGQu8c
IGhd-0di0Qo,14,Lecture,Subnetting (Part 2),Free CCNA | Subnetting (Part 2) | Day 14 | CCNA 200-301 Complete Course,24:47,1487,1858,"IPv4, Subnetting",https://www.youtube.com/watch?v=IGhd-0di0Qo
z-JqCedc9EI,15,Lecture,Subnetting (Part 3 - VLSM),Free CCNA | Subnetting (Part 3 - VLSM) | Day 15 | CCNA 200-301 Complete Course,23:53,1433,1791,"IPv4, Subnetting",https://www.youtube.com/watch?v=z-JqCedc9EI
Rn_E1Qv8--I,15,Lab,Subnetting (VLSM),Free CCNA | Subnetting (VLSM) | Day 15 Lab | CCNA 200-301 Complete Course,14:59,899,899,"IPv4, Subnetting",https://www.youtube.com/watch?v=Rn_E1Qv8--I
cjFzOnm6u1g,16,Lecture,VLANs (Part 1),Free CCNA | VLANs (Part 1) | Day 16 | CCNA 200-301 Complete Course,23:45,1425,1781,VLANs,https://www.youtube.com/watch?v=cjFzOnm6u1g
-tq7f3xtyLQ,16,Lab,VLANs (Part 1),Free CCNA | VLANs (Part 1) | Day 16 Lab | CCNA 200-301 Complete Course,11:02,662,662,VLANs,https://www.youtube.com/watch?v=-tq7f3xtyLQ
Jl9OOzNaBDU,17,Lecture,VLANs (Part 2),Free CCNA | VLANs (Part 2) | Day 17 | CCNA 200-301 Complete Course,40:01,2401,3001,VLANs,https://www.youtube.com/watch?v=Jl9OOzNaBDU
iRkFE_lpYgc,17,Lab,VLANs (Part 2),Free CCNA | VLANs (Part 2) | Day 17 Lab | CCNA 200-301 Complete Course,23:23,1403,1403,VLANs,https://www.youtube.com/watch?v=iRkFE_lpYgc
OkPB028l2eE,18,Lecture,VLANs (Part 3),Free CCNA | VLANs (Part 3) | Day 18 | CCNA 200-301 Complete Course,32:32,1952,2440,VLANs,https://www.youtube.com/watch?v=OkPB028l2eE
MQcCr3QW1vE,18,Lab,VLANs (Part 3),Free CCNA | VLANs (Part 3) | Day 18 Lab | CCNA 200-301 Complete Course,25:19,1519,1519,VLANs,https://www.youtube.com/watch?v=MQcCr3QW1vE
JtQV_0Sjszg,19,Lecture,DTP/VTP,Free CCNA | DTP/VTP | Day 19 | CCNA 200-301 Complete Course,37:34,2254,2817,DTP/VTP,https://www.youtube.com/watch?v=JtQV_0Sjszg
ngTns2vF_44,19,Lab,DTP/VTP,Free CCNA | DTP/VTP | Day 19 Lab | CCNA 200-301 Complete Course,18:47,1127,1127,DTP/VTP,https://www.youtube.com/watch?v=ngTns2vF_44
j-bK-EFt9cY,20,Lecture,Spanning Tree Protocol (Part 1),Free CCNA | Spanning Tree Protocol (Part 1) | Day 20 | CCNA 200-301 Complete Course,38:39,2319,2898,STP,https://www.youtube.com/watch?v=j-bK-EFt9cY
Ev9gy7B5hx0,20,Lab,Analyzing STP,Free CCNA | Analyzing STP | Day 20 Lab | CCNA 200-301 Complete Course,18:55,1135,1135,STP,https://www.youtube.com/watch?v=Ev9gy7B5hx0
nWpldCc8msY,21,Lecture,Spanning Tree Protocol (Part 2),Free CCNA | Spanning Tree Protocol (Part 2) | Day 21 | CCNA 200-301 Complete Course,42:18,2538,3172,STP,https://www.youtube.com/watch?v=nWpldCc8msY
zqzppl4LOwk,21,Lecture,PortFast (STP Toolkit),PortFast (STP Toolkit) | CCNA 200-301 Day 21 (part 1),17:34,1054,1317,STP,https://www.youtube.com/watch?v=zqzppl4LOwk
jfC_AeJnuhY,21,Lecture,BPDU Guard & BPDU Filter (STP Toolkit),BPDU Guard & BPDU Filter (STP Toolkit) | CCNA 200-301 Day 21 (part 2),24:24,1464,1830,STP,https://www.youtube.com/watch?v=jfC_AeJnuhY
2XE_PgkvSic,21,Lecture,Root Guard (STP Toolkit),Root Guard (STP Toolkit) | CCNA 200-301 Day 21 (part 3),19:44,1184,1480,STP,https://www.youtube.com/watch?v=2XE_PgkvSic
uJ5_Klha0ig,21,Lecture,Loop Guard (STP Toolkit),Loop Guard (STP Toolkit) | CCNA 200-301 Day 21 (part 4),18:49,1129,1411,STP,https://www.youtube.com/watch?v=uJ5_Klha0ig
5rpaeJNig2o,21,Lab,Configuring STP (PVST+),Free CCNA | Configuring STP (PVST+) | Day 21 Lab | CCNA 200-301 Complete Course,17:09,1029,1029,STP,https://www.youtube.com/watch?v=5rpaeJNig2o
EpazNsLlPps,22,Lecture,Rapid Spanning Tree Protocol,Free CCNA | Rapid Spanning Tree Protocol | Day 22 | CCNA 200-301 Complete Course,43:01,2581,3226,STP,https://www.youtube.com/watch?v=EpazNsLlPps
YG7r4XHy2JU,22,Lab,Rapid STP,Free CCNA | Rapid STP | Day 22 Lab | CCNA 200-301 Complete Course,19:50,1190,1190,STP,https://www.youtube.com/watch?v=YG7r4XHy2JU
xuo69Joy_Nc,23,Lecture,EtherChannel,Free CCNA | EtherChannel | Day 23 | CCNA 200-301 Complete Course,41:33,2493,3116,EtherChannel,https://www.youtube.com/watch?v=xuo69Joy_Nc
8gKF2fMMjA8,23,Lab,Configuring EtherChannel,Free CCNA | Configuring EtherChannel | Day 23 Lab | CCNA 200-301 Complete Course,25:03,1503,1503,EtherChannel,https://www.youtube.com/watch?v=8gKF2fMMjA8
xSTgb8JLkvs,24,Lecture,Dynamic Routing,Free CCNA | Dynamic Routing | Day 24 | CCNA 200-301 Complete Course,44:38,2678,3347,Routing,https://www.youtube.com/watch?v=xSTgb8JLkvs
KuKC0G3LZc8,24,Lab,Floating Static Routes,Free CCNA | Floating Static Routes | Day 24 Lab | CCNA 200-301 Complete Course,23:20,1400,1400,Routing,https://www.youtube.com/watch?v=KuKC0G3LZc8
N8PiZDld6Zc,25,Lecture,RIP & EIGRP,Free CCNA | RIP & EIGRP | Day 25 | CCNA 200-301 Complete Course,43:42,2622,3277,"EIGRP, RIP",https://www.youtube.com/watch?v=N8PiZDld6Zc
ffnJ5oBIObY,25,Lab,Configuring EIGRP,Free CCNA | Configuring EIGRP | Day 25 Lab | CCNA 200-301 Complete Course,26:14,1574,1574,EIGRP,https://www.youtube.com/watch?v=ffnJ5oBIObY
pvuaoJ9YzoI,26,Lecture,OSPF Part 1,Free CCNA | OSPF Part 1 | Day 26 | CCNA 200-301 Complete Course,39:40,2380,2975,OSPF,https://www.youtube.com/watch?v=pvuaoJ9YzoI
LeLRWjfylcs,26,Lab,Configuring OSPF (1),Free CCNA | Configuring OSPF (1) | Day 26 Lab | CCNA 200-301 Complete Course,22:07,1327,1327,OSPF,https://www.youtube.com/watch?v=LeLRWjfylcs
VtzfTA21ht0,27,Lecture,OSPF Part 2,Free CCNA | OSPF Part 2 | Day 27 | CCNA 200-301 Complete Course,36:55,2215,2768,OSPF,https://www.youtube.com/watch?v=VtzfTA21ht0
UEyQW-EcnY8,27,Lab,Configuring OSPF (2),Free CCNA | Configuring OSPF (2) | Day 27 Lab | CCNA 200-301 Complete Course,22:10,1330,1330,OSPF,https://www.youtube.com/watch?v=UEyQW-EcnY8
3ew26ujkiDI,28,Lecture,OSPF Part 3,Free CCNA | OSPF Part 3 | Day 28 | CCNA 200-301 Complete Course,47:53,2873,3591,OSPF,https://www.youtube.com/watch?v=3ew26ujkiDI
Goekjm3bK5o,28,Lab,Configuring OSPF (3),Free CCNA | Configuring OSPF (3) | Day 28 Lab | CCNA 200-301 Complete Course,21:25,1285,1285,OSPF,https://www.youtube.com/watch?v=Goekjm3bK5o
43WnpwQMolo,29,Lecture,First Hop Redundancy Protocols,Free CCNA | First Hop Redundancy Protocols | Day 29 | CCNA 200-301 Complete Course,40:25,2425,3031,FHRP,https://www.youtube.com/watch?v=43WnpwQMolo
uho5Z2nFhb8,29,Lab,Configuring HSRP,Free CCNA | Configuring HSRP | Day 29 Lab | CCNA 200-301 Complete Course,22:01,1321,1321,FHRP,https://www.youtube.com/watch?v=uho5Z2nFhb8
LIEACBqlntY,30,Lecture,TCP & UDP,Free CCNA | TCP & UDP | Day 30 | CCNA 200-301 Complete Course,33:59,2039,2548,TCP/UDP,https://www.youtube.com/watch?v=LIEACBqlntY
pJKFahkqMU8,30,Lab,Wireshark Demo (TCP/UDP),Free CCNA | Wireshark Demo (TCP/UDP) | Day 30 Lab | CCNA 200-301 Complete Course,11:15,675,675,TCP/UDP,https://www.youtube.com/watch?v=pJKFahkqMU8
ZNuXyOXae5U,31,Lecture,IPv6 Part 1,Free CCNA | IPv6 Part 1 | Day 31 | CCNA 200-301 Complete Course,39:26,2366,2957,IPv6,https://www.youtube.com/watch?v=ZNuXyOXae5U
BdsIahtrWIA,31,Lab,Configuring IPv6 (Part 1),Free CCNA | Configuring IPv6 (Part 1) | Day 31 Lab | CCNA 200-301 Complete Course,18:02,1082,1082,IPv6,https://www.youtube.com/watch?v=BdsIahtrWIA
BrTMMOXFhDU,32,Lecture,IPv6 Part 2,Free CCNA | IPv6 Part 2 | Day 32 | CCNA 200-301 Complete Course,39:33,2373,2966,IPv6,https://www.youtube.com/watch?v=BrTMMOXFhDU
Zfhpd7dl6QI,32,Lab,Configuring IPv6 (Part 2),Free CCNA | Configuring IPv6 (Part 2) | Day 32 Lab | CCNA 200-301 Complete Course,21:02,1262,1262,IPv6,https://www.youtube.com/watch?v=Zfhpd7dl6QI
rwkHfsWQwy8,33,Lecture,IPv6 Part 3,Free CCNA | IPv6 Part 3 | Day 33 | CCNA 200-301 Complete Course,43:51,2631,3288,IPv6,https://www.youtube.com/watch?v=rwkHfsWQwy8
WSBEVFANMmc,33,Lab,Configuring IPv6 (Part 3),Free CCNA | Configuring IPv6 (Part 3) | Day 33 Lab | CCNA 200-301 Complete Course,19:17,1157,1157,IPv6,https://www.youtube.com/watch?v=WSBEVFANMmc
z023_eRUtSo,34,Lecture,Standard ACLs,Free CCNA | Standard ACLs | Day 34 | CCNA 200-301 Complete Course,46:51,2811,3513,ACLs,https://www.youtube.com/watch?v=z023_eRUtSo
sJ8PXmiAkvs,34,Lab,Standard ACLs,Free CCNA | Standard ACLs | Day 34 Lab | CCNA 200-301 Complete Course,27:01,1621,1621,ACLs,https://www.youtube.com/watch?v=sJ8PXmiAkvs
dUttKY_CNXE,35,Lecture,Extended ACLs,Free CCNA | Extended ACLs | Day 35 | CCNA 200-301 Complete Course,40:55,2455,3068,ACLs,https://www.youtube.com/watch?v=dUttKY_CNXE
1cuMzWBrEYs,35,Lab,Extended ACLs,Free CCNA | Extended ACLs | Day 35 Lab | CCNA 200-301 Complete Course,22:08,1328,1328,ACLs,https://www.youtube.com/watch?v=1cuMzWBrEYs
_hnMZBzXRRk,36,Lecture,CDP & LLDP,Free CCNA | CDP & LLDP | Day 36 | CCNA 200-301 Complete Course,39:23,2363,2953,CDP/LLDP,https://www.youtube.com/watch?v=_hnMZBzXRRk
4s8qqL7R9W8,36,Lab,CDP & LLDP,Free CCNA | CDP & LLDP | Day 36 Lab | CCNA 200-301 Complete Course,24:37,1477,1477,CDP/LLDP,https://www.youtube.com/watch?v=4s8qqL7R9W8
qGJaJx7OfUo,37,Lecture,NTP,Free CCNA | NTP | Day 37 | CCNA 200-301 Complete Course,42:46,2566,3207,NTP,https://www.youtube.com/watch?v=qGJaJx7OfUo
Miys7Ft9wWI,37,Lab,NTP,Free CCNA | NTP | Day 37 Lab | CCNA 200-301 Complete Course,19:08,1148,1148,NTP,https://www.youtube.com/watch?v=Miys7Ft9wWI
4C6eeQes4cs,38,Lecture,DNS,Free CCNA | DNS | Day 38 | CCNA 200-301 Complete Course,30:11,1811,2263,DNS,https://www.youtube.com/watch?v=4C6eeQes4cs
7D_FapNrRUM,38,Lab,DNS,Free CCNA | DNS | Day 38 Lab | CCNA 200-301 Complete Course,17:31,1051,1051,DNS,https://www.youtube.com/watch?v=7D_FapNrRUM
hzkleGAC2_Y,39,Lecture,DHCP,Free CCNA | DHCP | Day 39 | CCNA 200-301 Complete Course,37:02,2222,2777,DHCP,https://www.youtube.com/watch?v=hzkleGAC2_Y
cgMsoIQB9Wk,39,Lab,DHCP,Free CCNA | DHCP | Day 39 Lab | CCNA 200-301 Complete Course,17:49,1069,1069,DHCP,https://www.youtube.com/watch?v=cgMsoIQB9Wk
HXu0Ifj0oWU,40,Lecture,SNMP,Free CCNA | SNMP | Day 40 | CCNA 200-301 Complete Course,29:21,1761,2201,SNMP,https://www.youtube.com/watch?v=HXu0Ifj0oWU
v8WxIytUdS4,40,Lab,SNMP,Free CCNA | SNMP | Day 40 Lab | CCNA 200-301 Complete Course,13:37,817,817,SNMP,https://www.youtube.com/watch?v=v8WxIytUdS4
RaQPSKQ4J5A,41,Lecture,Syslog,Free CCNA | Syslog | Day 41 | CCNA 200-301 Complete Course,27:58,1678,2097,Syslog,https://www.youtube.com/watch?v=RaQPSKQ4J5A
-R_CYM6Wm-Y,41,Lab,Syslog,Free CCNA | Syslog | Day 41 Lab | CCNA 200-301 Complete Course,14:03,843,843,Syslog,https://www.youtube.com/watch?v=-R_CYM6Wm-Y
AvgYqI2qSD4,42,Lecture,SSH,Free CCNA | SSH | Day 42 | CCNA 200-301 Complete Course,31:07,1867,2333,SSH,https://www.youtube.com/watch?v=AvgYqI2qSD4
QnHq7iCOtTc,42,Lab,SSH,Free CCNA | SSH | Day 42 Lab | CCNA 200-301 Complete Course,15:50,950,950,SSH,https://www.youtube.com/watch?v=QnHq7iCOtTc
50hcfsoBf4Q,43,Lecture,FTP & TFTP,Free CCNA | FTP & TFTP | Day 43 | CCNA 200-301 Complete Course,30:55,1855,2318,FTP/TFTP,https://www.youtube.com/watch?v=50hcfsoBf4Q
W9PLvA2wZ28,43,Lab,FTP & TFTP,Free CCNA | FTP & TFTP | Day 43 Lab | CCNA 200-301 Complete Course,15:36,936,936,FTP/TFTP,https://www.youtube.com/watch?v=W9PLvA2wZ28
2TZCfTgopeg,44,Lecture,NAT (Part 1),Free CCNA | NAT (Part 1) | Day 44 | CCNA 200-301 Complete Course,32:10,1930,2412,NAT,https://www.youtube.com/watch?v=2TZCfTgopeg
vir6n_NVZFw,44,Lab,Static NAT,Free CCNA | Static NAT | Day 44 Lab | CCNA 200-301 Complete Course,14:12,852,852,NAT,https://www.youtube.com/watch?v=vir6n_NVZFw
kILDNs4KjYE,45,Lecture,NAT (part 2),Free CCNA | NAT (part 2) | Day 45 | CCNA 200-301 Complete Course,29:40,1780,2225,NAT,https://www.youtube.com/watch?v=kILDNs4KjYE
vNs1xxiwGJs,45,Lab,Dynamic NAT,Free CCNA | Dynamic NAT | Day 45 Lab | CCNA 200-301 Complete Course,15:01,901,901,NAT,https://www.youtube.com/watch?v=vNs1xxiwGJs
H6FKJMiiL6E,46,Lecture,QoS (Part 1),Free CCNA | QoS (Part 1) | Day 46 | CCNA 200-301 Complete Course,32:33,1953,2441,QoS,https://www.youtube.com/watch?v=H6FKJMiiL6E
kGX76QNIjsE,46,Lab,Voice VLANs,Free CCNA | Voice VLANs | Day 46 Lab | CCNA 200-301 Complete Course,20:18,1218,1218,"QoS, VLANs",https://www.youtube.com/watch?v=kGX76QNIjsE
4vurfhVjcMM,47,Lecture,QoS (Part 2),Free CCNA | QoS (Part 2) | Day 47 | CCNA 200-301 Complete Course,41:46,2506,3132,QoS,https://www.youtube.com/watch?v=4vurfhVjcMM
63tD4t8189k,47,Lab,QoS,Free CCNA | QoS | Day 47 Lab | CCNA 200-301 Complete Course,15:41,941,941,QoS,https://www.youtube.com/watch?v=63tD4t8189k
VvFuieyTTSw,48,Lecture,Security Fundamentals,Free CCNA | Security Fundamentals | Day 48 | CCNA 200-301 Complete Course,38:40,2320,2900,Security,https://www.youtube.com/watch?v=VvFuieyTTSw
EBs47-0ZD-A,48,Lab,Kali Linux Demo,Free CCNA | Kali Linux Demo | Day 48 Lab | CCNA 200-301 Complete Course,10:25,625,625,Security,https://www.youtube.com/watch?v=EBs47-0ZD-A
sHN3jOJIido,49,Lecture,Port Security,Free CCNA | Port Security | Day 49 | CCNA 200-301 Complete Course,34:28,2068,2585,Security,https://www.youtube.com/watch?v=sHN3jOJIido
zZwhrxKeGj8,49,Lab,Port Security,Free CCNA | Port Security | Day 49 Lab | CCNA 200-301 Complete Course,17:03,1023,1023,Security,https://www.youtube.com/watch?v=zZwhrxKeGj8
qYYeg2kz1yE,50,Lecture,DHCP Snooping,Free CCNA | DHCP Snooping | Day 50 | CCNA 200-301 Complete Course,28:23,1703,2128,DHCP,https://www.youtube.com/watch?v=qYYeg2kz1yE
YMom_e545H4,50,Lab,DHCP Snooping,Free CCNA | DHCP Snooping | Day 50 Lab | CCNA 200-301 Complete Course,15:41,941,941,DHCP,https://www.youtube.com/watch?v=YMom_e545H4
HwbTKaIvL6s,51,Lecture,Dynamic ARP Inspection,Free CCNA | Dynamic ARP Inspection | Day 51 | CCNA 200-301 Complete Course,32:50,1970,2462,"DAI, Ethernet Switching",https://www.youtube.com/watch?v=HwbTKaIvL6s
oLF2mbmYMAk,51,Lab,Dynamic ARP Inspection,Free CCNA | Dynamic ARP Inspection | Day 51 Lab | CCNA 200-301 Complete Course,20:53,1253,1253,"DAI, Ethernet Switching",https://www.youtube.com/watch?v=oLF2mbmYMAk
PvyEcLhmNBk,52,Lecture,LAN Architectures,Free CCNA | LAN Architectures | Day 52 | CCNA 200-301 Complete Course,28:06,1686,2107,LAN Architecture,https://www.youtube.com/watch?v=PvyEcLhmNBk
BgIEhyoETgU,52,Lab,STP & FHRP Synchronization,Free CCNA | STP & FHRP Synchronization | Day 52 Lab | CCNA 200-301 Complete Course,19:11,1151,1151,"FHRP, STP",https://www.youtube.com/watch?v=BgIEhyoETgU
BW3fQgdf4-w,53,Lecture,WAN Architectures,Free CCNA | WAN Architectures | Day 53 | CCNA 200-301 Complete Course,37:34,2254,2817,WAN Architecture,https://www.youtube.com/watch?v=BW3fQgdf4-w
_MMuU5viinM,53,Lab,GRE Tunnels,Free CCNA | GRE Tunnels | Day 53 Lab | CCNA 200-301 Complete Course,22:04,1324,1324,WAN Architecture,https://www.youtube.com/watch?v=_MMuU5viinM
_S3greGajJA,54,Lecture,Virtualization & Cloud,Free CCNA | Virtualization & Cloud | Day 54 (part 1) | CCNA 200-301 Complete Course,38:41,2321,2901,Virtualization,https://www.youtube.com/watch?v=_S3greGajJA
K731pAS22Aw,54,Lecture,Containers,Free CCNA | Containers | Day 54 (part 2) | CCNA 200-301 Complete Course,13:33,813,1016,"Network Automation, Virtualization",https://www.youtube.com/watch?v=K731pAS22Aw
Ge4644KUvh4,54,Lecture,VRF,Free CCNA | VRF | Day 54 (part 3) | CCNA 200-301 Complete Course,18:03,1083,1353,Virtualization,https://www.youtube.com/watch?v=Ge4644KUvh4
swqADfQk2jM,54,Lab,Oracle VirtualBox,Free CCNA | Oracle VirtualBox | Day 54 Lab | CCNA 200-301 Complete Course,8:43,523,523,"ACLs, Virtualization",https://www.youtube.com/watch?v=swqADfQk2jM
zuYiktLqNYQ,55,Lecture,Wireless Fundamentals,Free CCNA | Wireless Fundamentals | Day 55 | CCNA 200-301 Complete Course,35:57,2157,2696,Wireless,https://www.youtube.com/watch?v=zuYiktLqNYQ
uX1h0F6wpBY,56,Lecture,Wireless Architectures,Free CCNA | Wireless Architectures | Day 56 | CCNA 200-301 Complete Course,38:21,2301,2876,Wireless,https://www.youtube.com/watch?v=uX1h0F6wpBY
wHXKo9So5y8,57,Lecture,Wireless Security,Free CCNA | Wireless Security | Day 57 | CCNA 200-301 Complete Course,33:53,2033,2541,"Security, Wireless",https://www.youtube.com/watch?v=wHXKo9So5y8
r9o6GFI87go,58,Lecture,Wireless Configuration,Free CCNA | Wireless Configuration | Day 58 | CCNA 200-301 Complete Course,46:38,2798,3497,Wireless,https://www.youtube.com/watch?v=r9o6GFI87go
Il8ev78fcqw,58,Lab,Wireless LANs,Free CCNA | Wireless LANs | Day 58 Lab | CCNA 200-301 Complete Course,17:28,1048,1048,Wireless,https://www.youtube.com/watch?v=Il8ev78fcqw
4tsBgMCPVuc,59,Lecture,Intro to Network Automation,Intro to Network Automation | CCNA 200-301 Day 59 (part 1),33:27,2007,2508,Network Automation,https://www.youtube.com/watch?v=4tsBgMCPVuc
Fn_kAv35W5A,59,Lecture,AI & Machine Learning,AI & Machine Learning | CCNA 200-301 Day 59 (part 2),41:49,2509,3136,Network Automation,https://www.youtube.com/watch?v=Fn_kAv35W5A
nohde2-QNJ4,60,Lecture,"JSON, XML, & YAML","Free CCNA | JSON, XML, & YAML | Day 60 | CCNA 200-301 Complete Course",28:56,1736,2170,REST APIs,https://www.youtube.com/watch?v=nohde2-QNJ4
Luei0p-2h10,61,Lecture,REST APIs,Free CCNA | REST APIs | Day 61 | CCNA 200-301 Complete Course,31:45,1905,2381,REST APIs,https://www.youtube.com/watch?v=Luei0p-2h10
bmqr_xpt6sc,61,Lecture,REST API Authentication,REST API Authentication | CCNA 200-301 Day 61 (part 2),29:15,1755,2193,REST APIs,https://www.youtube.com/watch?v=bmqr_xpt6sc
7HhWCeXDTpA,62,Lecture,Software-Defined Networking,Free CCNA | Software-Defined Networking | Day 62 | CCNA 200-301 Complete Course,28:19,1699,2123,SDN,https://www.youtube.com/watch?v=7HhWCeXDTpA
Kog9gHTjALI,63,Lecture,"Ansible, Puppet, & Chef","Free CCNA | Ansible, Puppet, & Chef | Day 63 (part 1) | CCNA 200-301 Complete Course",21:33,1293,1616,Network Automation,https://www.youtube.com/watch?v=Kog9gHTjALI
VAwUaffejWU,63,Lecture,Terraform,Terraform | CCNA 200-301 Day 63 (part 2),22:29,1349,1686,Network Automation,https://www.youtube.com/watch?v=VAwUaffejWU
2p7-MluKAgE,64,Lab,Complete Network Configuration,"Complete Network Configuration // CCNA Mega Lab! / OSPF, VLANs, STP, DHCP, Security, Wireless + more",2:38:50,9530,9530,"DHCP, OSPF, STP, Security, VLANs, Wireless",https://www.youtube.com/watch?v=2p7-MluKAgE
