Day,Lecture_Titles,Lecture_Duration_Min,Lab_Titles,Lab_Duration_Min,PT_Attempt_Min,Other_Titles,Other_Duration_Min,Boson_Lab_IDs,Boson_Lab_Titles,Boson_Estimated_Min,Total_Estimated_Min
1,Free CCNA | Network Devices | Day 1 | CCNA 200-301 Complete Course,30.4,Free CCNA | Packet Tracer Introduction | Day 1 Lab | CCNA 200-301 Complete Course,15.3,25,Free CCNA | Anki Flashcards | Day 1 Extra | CCNA 200-301 Complete Course,14.9,,,0,85.7
2,Free CCNA | Interfaces and Cables | Day 2 | CCNA 200-301 Complete Course,35.9,Free CCNA | Connecting Devices | Day 2 Lab | CCNA 200-301 Complete Course,5.5,15,,0.0,,,0,56.4
3,How the TCP/IP Model Actually Works | CCNA Day 3,42.7,Free CCNA | OSI Model | Day 3 Lab | CCNA 200-301 Complete Course,8.1,15,,0.0,,,0,65.8
4,Free CCNA | Intro to the CLI | Day 4 | CCNA 200-301 Complete Course,31.1,Free CCNA | Basic Device Security | Day 4 Lab | CCNA 200-301 Complete Course,10.4,15,,0.0,2; 3; 4; 6; 76; 77; 78; 79; 80; 81; 89; 90,Using NetSim Online | Explore Cisco Devices | Router Basics | Configure a Cisco Device | Configure the Enable Password | Configure the Enable Secret Password | Configure Local User Accounts | Secure the Console and VTY Ports | Encrypt Passwords on a Cisco Device | Explore Password Complexity | Implement Passwords | Implement Local User Accounts,207,263.5
5,Free CCNA | Ethernet LAN Switching (Part 1) | Day 5 | CCNA 200-301 Complete Course,38.2,,0.0,0,,0.0,,,0,38.2
6,Free CCNA | Ethernet LAN Switching (Part 2) | Day 6 | CCNA 200-301 Complete Course,33.7,Free CCNA | Analyzing Ethernet Switching | Day 6 Lab | CCNA 200-301 Complete Course,10.5,15,,0.0,,,0,59.2
7,Free CCNA | IPv4 Addressing (Part 1) | Day 7 | CCNA 200-301 Complete Course,40.4,,0.0,0,,0.0,9,Configure RFC 1918 IP Addressing,19,59.4
8,Free CCNA | IPv4 Addressing (Part 2) | Day 8 | CCNA 200-301 Complete Course,30.7,Free CCNA | Configuring IP Addresses | Day 8 Lab | CCNA 200-301 Complete Course,10.1,15,,0.0,8; 15,Configure Global IPv4 Addressing | Implement IPv4 Addressing,43,98.8
9,Free CCNA | Switch Interfaces | Day 9 | CCNA 200-301 Complete Course,32.5,Free CCNA | Configuring Interfaces | Day 9 Lab | CCNA 200-301 Complete Course,11.9,15,,0.0,5; 7; 14,Switch Basics | Interpret Interface Errors | Explore the MAC Address Table,63,122.4
10,Free CCNA | IPv4 Header | Day 10 | CCNA 200-301 Complete Course,30.2,,0.0,0,,0.0,,,0,30.2
11,Free CCNA | Routing Fundamentals | Day 11 (part 1) | CCNA 200-301 Complete Course | Free CCNA | Static Routing | Day 11 (part 2) | CCNA 200-301 Complete Course,68.7,Free CCNA | Configuring Static Routes | Day 11 Lab 1 | CCNA 200-301 Complete Course | Free CCNA | Troubleshooting Static Routes | Day 11 Lab 2 | CCNA 200-301 Complete Course,22.2,15,,0.0,34; 35; 36; 37; 39; 41; 50; 51,Explore the Routing Table | Route Selection by Using Administrative Distance | Route Selection by Using Routing Protocol Metric | Manually Configure Default Routes on IPv4 Networks | Manually Configure Network Routes on IPv4 Networks | Manually Configure Host Routes on IPv4 Networks | Implement Route Selection | Implement Static and Default Routes,138,244.0
12,Free CCNA | The Life of a Packet | Day 12 | CCNA 200-301 Complete Course,20.2,Free CCNA | Life of a Packet | Day 12 Lab | CCNA 200-301 Complete Course,15.6,25,,0.0,,,0,60.8
13,Free CCNA | Subnetting (Part 1) | Day 13 | CCNA 200-301 Complete Course,28.9,,0.0,0,,0.0,10,Subnet an IPv4 Network,21,49.9
14,Free CCNA | Subnetting (Part 2) | Day 14 | CCNA 200-301 Complete Course,24.8,,0.0,0,,0.0,,,0,24.8
15,Free CCNA | Subnetting (Part 3 - VLSM) | Day 15 | CCNA 200-301 Complete Course,23.9,Free CCNA | Subnetting (VLSM) | Day 15 Lab | CCNA 200-301 Complete Course,15.0,25,,0.0,11,Configure VLSM on an IPv4 Network,33,96.9
16,Free CCNA | VLANs (Part 1) | Day 16 | CCNA 200-301 Complete Course,23.8,Free CCNA | VLANs (Part 1) | Day 16 Lab | CCNA 200-301 Complete Course,11.0,15,,0.0,18,Explore and Configure Switch Access Ports,26,75.8
17,Free CCNA | VLANs (Part 2) | Day 17 | CCNA 200-301 Complete Course,40.0,Free CCNA | VLANs (Part 2) | Day 17 Lab | CCNA 200-301 Complete Course,23.4,40,,0.0,19,Explore and Configure Switch Trunk Ports,31,134.4
18,Free CCNA | VLANs (Part 3) | Day 18 | CCNA 200-301 Complete Course,32.5,Free CCNA | VLANs (Part 3) | Day 18 Lab | CCNA 200-301 Complete Course,25.3,40,,0.0,20; 21; 30,Configure InterVLAN Routing | Explore the Native VLAN | Implement InterVLAN Routing,81,178.8
19,Free CCNA | DTP/VTP | Day 19 | CCNA 200-301 Complete Course,37.6,Free CCNA | DTP/VTP | Day 19 Lab | CCNA 200-301 Complete Course,18.8,25,,0.0,22,Configure and Verify VTP,24,105.4
20,Free CCNA | Spanning Tree Protocol (Part 1) | Day 20 | CCNA 200-301 Complete Course,38.6,Free CCNA | Analyzing STP | Day 20 Lab | CCNA 200-301 Complete Course,18.9,25,,0.0,27,Explore Spanning Tree Protocol Port Roles,22,104.6
21,Free CCNA | Spanning Tree Protocol (Part 2) | Day 21 | CCNA 200-301 Complete Course,42.3,Free CCNA | Configuring STP (PVST+) | Day 21 Lab | CCNA 200-301 Complete Course,17.1,25,PortFast (STP Toolkit) | CCNA 200-301 Day 21 (part 1) | BPDU Guard & BPDU Filter (STP Toolkit) | CCNA 200-301 Day 21 (part 2) | Root Guard (STP Toolkit) | CCNA 200-301 Day 21 (part 3) | Loop Guard (STP Toolkit) | CCNA 200-301 Day 21 (part 4),80.5,28; 32,Explore Spanning Tree Protocol Port States and PortFast | Implement PVST+,45,210.0
22,Free CCNA | Rapid Spanning Tree Protocol | Day 22 | CCNA 200-301 Complete Course,43.0,Free CCNA | Rapid STP | Day 22 Lab | CCNA 200-301 Complete Course,19.8,25,,0.0,,,0,87.8
23,Free CCNA | EtherChannel | Day 23 | CCNA 200-301 Complete Course,41.5,Free CCNA | Configuring EtherChannel | Day 23 Lab | CCNA 200-301 Complete Course,25.1,40,,0.0,25; 26; 33,Configure Layer 2 EtherChannel LACP | Configure Layer 3 EtherChannel LACP and Load Balancing | Boson CCNA Challenge Lab 2,94,200.6
24,Free CCNA | Dynamic Routing | Day 24 | CCNA 200-301 Complete Course,44.6,Free CCNA | Floating Static Routes | Day 24 Lab | CCNA 200-301 Complete Course,23.3,40,,0.0,,,0,108.0
25,Free CCNA | RIP & EIGRP | Day 25 | CCNA 200-301 Complete Course,43.7,Free CCNA | Configuring EIGRP | Day 25 Lab | CCNA 200-301 Complete Course,26.2,40,,0.0,1,Configuration Demo 1,33,142.9
26,Free CCNA | OSPF Part 1 | Day 26 | CCNA 200-301 Complete Course,39.7,Free CCNA | Configuring OSPF (1) | Day 26 Lab | CCNA 200-301 Complete Course,22.1,40,,0.0,46; 47,Explore and Configure OSPFv2 Router IDs | Plan and Configure Single-Area OSPF,59,160.8
27,Free CCNA | OSPF Part 2 | Day 27 | CCNA 200-301 Complete Course,36.9,Free CCNA | Configuring OSPF (2) | Day 27 Lab | CCNA 200-301 Complete Course,22.2,40,,0.0,43; 52,Configure OSPFv2 Adjacencies | Implement Single-Area OSPFv2,41,140.1
28,Free CCNA | OSPF Part 3 | Day 28 | CCNA 200-301 Complete Course,47.9,Free CCNA | Configuring OSPF (3) | Day 28 Lab | CCNA 200-301 Complete Course,21.4,40,,0.0,44; 45; 55; 56,Configure Point-to-Point OSPFv2 | Explore OSPFv2 DR and BDR Router Selection | Troubleshoot an OSPFv2 Configuration | Boson CCNA Challenge Lab 3,112,221.3
29,Free CCNA | First Hop Redundancy Protocols | Day 29 | CCNA 200-301 Complete Course,40.4,Free CCNA | Configuring HSRP | Day 29 Lab | CCNA 200-301 Complete Course,22.0,40,,0.0,48; 49; 53; 54,Explore HSRP | Explore VRRP | Implement HSRP | Implement VRRP,80,182.4
30,Free CCNA | TCP & UDP | Day 30 | CCNA 200-301 Complete Course,34.0,Free CCNA | Wireshark Demo (TCP/UDP) | Day 30 Lab | CCNA 200-301 Complete Course,11.2,15,,0.0,,,0,60.2
31,Free CCNA | IPv6 Part 1 | Day 31 | CCNA 200-301 Complete Course,39.4,Free CCNA | Configuring IPv6 (Part 1) | Day 31 Lab | CCNA 200-301 Complete Course,18.0,25,,0.0,12; 16,Configure IPv6 Address Types | Implement IPv6 Addressing,61,143.5
32,Free CCNA | IPv6 Part 2 | Day 32 | CCNA 200-301 Complete Course,39.5,Free CCNA | Configuring IPv6 (Part 2) | Day 32 Lab | CCNA 200-301 Complete Course,21.0,40,,0.0,13,Configure IPv6 by Using Modified EUI-64,23,123.6
33,Free CCNA | IPv6 Part 3 | Day 33 | CCNA 200-301 Complete Course,43.9,Free CCNA | Configuring IPv6 (Part 3) | Day 33 Lab | CCNA 200-301 Complete Course,19.3,25,,0.0,17; 38; 40; 42,Boson CCNA Challenge Lab 1 | Manually Configure Default Routes on IPv6 Networks | Manually Configure Network Routes on IPv6 Networks | Manually Configure Host Routes on IPv6 Networks,97,185.1
34,Free CCNA | Standard ACLs | Day 34 | CCNA 200-301 Complete Course,46.9,Free CCNA | Standard ACLs | Day 34 Lab | CCNA 200-301 Complete Course,27.0,40,,0.0,82; 84; 85; 91; 97,Explore and Configure Standard Numbered ACLs | Explore and Configured Numbered IP ACLs | Configure Standard Named ACLs | Implement Standard ACLs | Troubleshooting ACLs 2: Standard ACLs,101,214.9
35,Free CCNA | Extended ACLs | Day 35 | CCNA 200-301 Complete Course,40.9,Free CCNA | Extended ACLs | Day 35 Lab | CCNA 200-301 Complete Course,22.1,40,,0.0,83; 86; 92; 95; 96; 98,Explore and Configure Extended Numbered ACLs | Configure Extended Named ACLs | Implement Extended ACLs | Troubleshoot ACLs | Troubleshooting ACLs 1: Extended ACLs | Troubleshooting ACLs 3: Named ACLs,128,231.0
36,Free CCNA | CDP & LLDP | Day 36 | CCNA 200-301 Complete Course,39.4,Free CCNA | CDP & LLDP | Day 36 Lab | CCNA 200-301 Complete Course,24.6,40,,0.0,23; 24; 31,Configure and Verify CDP | Configure and Verify LLDP | Implement CDP and LLDP,111,215.0
37,Free CCNA | NTP | Day 37 | CCNA 200-301 Complete Course,42.8,Free CCNA | NTP | Day 37 Lab | CCNA 200-301 Complete Course,19.1,25,,0.0,60; 61; 71,Configure an NTP Server | Configure an NTP Client | Implement NTP,105,191.9
38,Free CCNA | DNS | Day 38 | CCNA 200-301 Complete Course,30.2,Free CCNA | DNS | Day 38 Lab | CCNA 200-301 Complete Course,17.5,25,,0.0,62; 72,Configure and Test a DNS Server | Implement DNS,41,113.7
39,Free CCNA | DHCP | Day 39 | CCNA 200-301 Complete Course,37.0,Free CCNA | DHCP | Day 39 Lab | CCNA 200-301 Complete Course,17.8,25,,0.0,65; 66; 73; 75,Configure DHCP for IPv4 Networks | Configure DHCP Relay for IPv4 Networks | Implement DHCP | Boson CCNA Challenge Lab 4,169,248.8
40,Free CCNA | SNMP | Day 40 | CCNA 200-301 Complete Course,29.4,Free CCNA | SNMP | Day 40 Lab | CCNA 200-301 Complete Course,13.6,25,,0.0,,,0,68.0
41,Free CCNA | Syslog | Day 41 | CCNA 200-301 Complete Course,28.0,Free CCNA | Syslog | Day 41 Lab | CCNA 200-301 Complete Course,14.1,25,,0.0,63; 64,Explore Syslog Output | Explore and Configure Syslog Levels,24,91.0
42,Free CCNA | SSH | Day 42 | CCNA 200-301 Complete Course,31.1,Free CCNA | SSH | Day 42 Lab | CCNA 200-301 Complete Course,15.8,25,,0.0,67; 74,Configure SSH | Implement SSH,36,108.0
43,Free CCNA | FTP & TFTP | Day 43 | CCNA 200-301 Complete Course,30.9,Free CCNA | FTP & TFTP | Day 43 Lab | CCNA 200-301 Complete Course,15.6,25,,0.0,68; 69,Explore and Configure TFTP | Explore and Configure FTP,28,99.5
44,Free CCNA | NAT (Part 1) | Day 44 | CCNA 200-301 Complete Course,32.2,Free CCNA | Static NAT | Day 44 Lab | CCNA 200-301 Complete Course,14.2,25,,0.0,57; 70,Configure Static NAT | Implement NAT,58,129.4
45,Free CCNA | NAT (part 2) | Day 45 | CCNA 200-301 Complete Course,29.7,Free CCNA | Dynamic NAT | Day 45 Lab | CCNA 200-301 Complete Course,15.0,25,,0.0,58; 59,Configure Dynamic NAT | Configure PAT,55,124.7
46,Free CCNA | QoS (Part 1) | Day 46 | CCNA 200-301 Complete Course,32.5,Free CCNA | Voice VLANs | Day 46 Lab | CCNA 200-301 Complete Course,20.3,40,,0.0,,,0,92.8
47,Free CCNA | QoS (Part 2) | Day 47 | CCNA 200-301 Complete Course,41.8,Free CCNA | QoS | Day 47 Lab | CCNA 200-301 Complete Course,15.7,25,,0.0,,,0,82.5
48,Free CCNA | Security Fundamentals | Day 48 | CCNA 200-301 Complete Course,38.7,Free CCNA | Kali Linux Demo | Day 48 Lab | CCNA 200-301 Complete Course,10.4,15,,0.0,88; 99,Explore AAA | Boson CCNA Challenge Lab 5,58,122.1
49,Free CCNA | Port Security | Day 49 | CCNA 200-301 Complete Course,34.5,Free CCNA | Port Security | Day 49 Lab | CCNA 200-301 Complete Course,17.1,25,,0.0,87; 93; 94,Explore and Configure Port Security | Implement Port Security | Troubleshoot Port Security,82,158.5
50,Free CCNA | DHCP Snooping | Day 50 | CCNA 200-301 Complete Course,28.4,Free CCNA | DHCP Snooping | Day 50 Lab | CCNA 200-301 Complete Course,15.7,25,,0.0,,,0,69.1
51,Free CCNA | Dynamic ARP Inspection | Day 51 | CCNA 200-301 Complete Course,32.8,Free CCNA | Dynamic ARP Inspection | Day 51 Lab | CCNA 200-301 Complete Course,20.9,40,,0.0,,,0,93.7
52,Free CCNA | LAN Architectures | Day 52 | CCNA 200-301 Complete Course,28.1,Free CCNA | STP & FHRP Synchronization | Day 52 Lab | CCNA 200-301 Complete Course,19.2,25,,0.0,,,0,72.3
53,Free CCNA | WAN Architectures | Day 53 | CCNA 200-301 Complete Course,37.6,Free CCNA | GRE Tunnels | Day 53 Lab | CCNA 200-301 Complete Course,22.1,40,,0.0,,,0,99.6
54,Free CCNA | Virtualization & Cloud | Day 54 (part 1) | CCNA 200-301 Complete Course | Free CCNA | Containers | Day 54 (part 2) | CCNA 200-301 Complete Course | Free CCNA | VRF | Day 54 (part 3) | CCNA 200-301 Complete Course,70.3,Free CCNA | Oracle VirtualBox | Day 54 Lab | CCNA 200-301 Complete Course,8.7,15,,0.0,,,0,94.0
55,Free CCNA | Wireless Fundamentals | Day 55 | CCNA 200-301 Complete Course,36.0,,0.0,0,,0.0,,,0,36.0
56,Free CCNA | Wireless Architectures | Day 56 | CCNA 200-301 Complete Course,38.4,,0.0,0,,0.0,,,0,38.4
57,Free CCNA | Wireless Security | Day 57 | CCNA 200-301 Complete Course,33.9,,0.0,0,,0.0,,,0,33.9
58,Free CCNA | Wireless Configuration | Day 58 | CCNA 200-301 Complete Course,46.6,Free CCNA | Wireless LANs | Day 58 Lab | CCNA 200-301 Complete Course,17.5,25,,0.0,29,Configure a Wireless LAN by Using the WLC GUI,15,104.1
59,Intro to Network Automation | CCNA 200-301 Day 59 (part 1) | AI & Machine Learning | CCNA 200-301 Day 59 (part 2),75.3,,0.0,0,,0.0,,,0,75.3
60,"Free CCNA | JSON, XML, & YAML | Day 60 | CCNA 200-301 Complete Course",28.9,,0.0,0,,0.0,103,Obtain and Interpret JSON Output,10,38.9
61,Free CCNA | REST APIs | Day 61 | CCNA 200-301 Complete Course | REST API Authentication | CCNA 200-301 Day 61 (part 2),61.0,,0.0,0,,0.0,101,Explore HTTP Server Verbs,10,71.0
62,Free CCNA | Software-Defined Networking | Day 62 | CCNA 200-301 Complete Course,28.3,,0.0,0,,0.0,100,Compare a Traditional Network to a Controller-Based Network,10,38.3
63,"Free CCNA | Ansible, Puppet, & Chef | Day 63 (part 1) | CCNA 200-301 Complete Course | Terraform | CCNA 200-301 Day 63 (part 2)",44.0,,0.0,0,,0.0,102,"Submit and Explore Ansible, Chef, and Puppet Queries",10,54.0
